episode,agent_type,step,hour,action,soc,soc_after,pv_kw,load_kw,diesel_on,diesel_kw,battery_kw,unmet_load_kw,curtailed_kw,health,reward,rew_unmet_load,rew_fuel,rew_battery_stress,rew_diesel_solar
0,drl,0,0,3,0.7,0.6213,0.001,7.873,0,0.0,7.873,0.0,0.0,0.99997,0.0,-0.0,-0.0,-0.0,0.0
0,drl,1,1,3,0.6213,0.5403,0.003,8.101,0,0.0,8.098,0.0,0.0,0.99994,0.0,-0.0,-0.0,-0.0,0.0
0,drl,2,2,3,0.5403,0.4569,0.008,8.347,0,0.0,8.339,0.0,0.0,0.9999,0.0,-0.0,-0.0,-0.0,0.0
0,drl,3,3,1,0.4569,0.3681,0.033,8.909,0,0.0,8.876,0.0,0.0,0.99987,-0.0159,-0.0,-0.0,-0.0159,0.0
0,drl,4,4,1,0.3681,0.301,0.072,6.785,0,0.0,6.714,0.0,0.0,0.99984,-0.0495,-0.0,-0.0,-0.0495,0.0
0,drl,5,5,0,0.301,0.3855,0.186,8.04,1,17.04,-9.186,0.0,0.0,0.99981,-3.7744,-0.0,-3.7672,-0.0072,0.0
0,drl,6,6,0,0.3855,0.4712,0.308,7.79,1,16.79,-9.308,0.0,0.0,0.99977,-3.7223,-0.0,-3.7223,-0.0,0.0
0,drl,7,7,0,0.4712,0.5613,0.792,7.299,1,16.299,-9.792,0.0,0.0,0.99974,-3.6338,-0.0,-3.6338,-0.0,0.0
0,drl,8,8,0,0.5613,0.6593,1.649,7.705,1,16.705,-10.649,0.0,0.0,0.9997,-3.7069,-0.0,-3.7069,-0.0,0.0
0,drl,9,9,1,0.6593,0.6003,3.143,9.037,0,0.0,5.895,0.0,0.0,0.99967,0.0,-0.0,-0.0,-0.0,0.0
0,drl,10,10,1,0.6003,0.5488,4.283,9.433,0,0.0,5.15,0.0,0.0,0.99965,0.0,-0.0,-0.0,-0.0,0.0
0,drl,11,11,1,0.5488,0.5142,5.19,8.65,0,0.0,3.46,0.0,0.0,0.99964,0.0,-0.0,-0.0,-0.0,0.0
0,drl,12,12,1,0.5142,0.4975,7.2,8.87,0,0.0,1.67,0.0,0.0,0.99963,0.0,-0.0,-0.0,-0.0,0.0
0,drl,13,13,1,0.4975,0.4745,6.397,8.694,0,0.0,2.297,0.0,0.0,0.99962,0.0,-0.0,-0.0,-0.0,0.0
0,drl,14,14,1,0.4745,0.4183,6.343,11.962,0,0.0,5.619,0.0,0.0,0.9996,0.0,-0.0,-0.0,-0.0,0.0
0,drl,15,15,3,0.4183,0.3235,4.892,14.363,0,0.0,9.471,0.0,0.0,0.99956,-0.0382,-0.0,-0.0,-0.0382,0.0
0,drl,16,16,0,0.3235,0.4456,4.263,20.34,1,29.34,-13.263,0.0,0.0,0.99951,-5.9811,-0.0,-5.9811,-0.0,0.0
0,drl,17,17,3,0.4456,0.2219,3.055,25.416,0,0.0,22.361,0.0,0.0,0.99942,-0.0891,-0.0,-0.0,-0.0891,0.0
0,drl,18,18,2,0.2219,0.2368,1.619,29.159,1,29.159,-1.619,0.0,0.0,0.99942,-6.0303,-0.0,-5.9487,-0.0816,0.0
0,drl,19,19,0,0.2368,0.2,1.089,39.552,1,30.0,8.463,0.0,0.0,0.9994,-6.2,-0.0,-6.1,-0.1,0.0
0,drl,20,20,0,0.2,0.2,0.384,41.358,1,30.0,10.975,0.0,0.0,0.9994,-6.2,-0.0,-6.1,-0.1,0.0
0,drl,21,21,0,0.2,0.2,0.247,36.686,1,30.0,6.438,0.0,0.0,0.9994,-6.2,-0.0,-6.1,-0.1,0.0
0,drl,22,22,2,0.2,0.2008,0.083,28.504,1,28.504,-0.083,0.0,0.0,0.9994,-5.9304,-0.0,-5.8307,-0.0996,0.0
0,drl,23,23,2,0.2008,0.2,0.034,30.11,1,30.0,0.076,0.0,0.0,0.9994,-6.2,-0.0,-6.1,-0.1,0.0
1,drl,0,0,3,0.7,0.6121,0.001,8.789,0,0.0,8.788,0.0,0.0,0.99996,0.0,-0.0,-0.0,-0.0,0.0
1,drl,1,1,3,0.6121,0.5447,0.003,6.749,0,0.0,6.746,0.0,0.0,0.99994,0.0,-0.0,-0.0,-0.0,0.0
1,drl,2,2,3,0.5447,0.4605,0.01,8.429,0,0.0,8.419,0.0,0.0,0.9999,0.0,-0.0,-0.0,-0.0,0.0
1,drl,3,3,1,0.4605,0.3751,0.026,8.558,0,0.0,8.532,0.0,0.0,0.99987,-0.0124,-0.0,-0.0,-0.0124,0.0
1,drl,4,4,1,0.3751,0.2931,0.084,8.282,0,0.0,8.198,0.0,0.0,0.99984,-0.0534,-0.0,-0.0,-0.0534,0.0
1,drl,5,5,0,0.2931,0.3779,0.207,8.525,1,17.525,-9.207,0.0,0.0,0.9998,-3.8656,-0.0,-3.8545,-0.0111,0.0
1,drl,6,6,0,0.3779,0.4645,0.421,7.844,1,16.844,-9.421,0.0,0.0,0.99977,-3.7319,-0.0,-3.7319,-0.0,0.0
1,drl,7,7,0,0.4645,0.5557,0.904,8.577,1,17.577,-9.904,0.0,0.0,0.99973,-3.8639,-0.0,-3.8639,-0.0,0.0
1,drl,8,8,0,0.5557,0.6551,1.806,7.728,1,16.728,-10.806,0.0,0.0,0.99969,-3.711,-0.0,-3.711,-0.0,0.0
1,drl,9,9,1,0.6551,0.6034,2.613,7.785,0,0.0,5.172,0.0,0.0,0.99967,0.0,-0.0,-0.0,-0.0,0.0
1,drl,10,10,1,0.6034,0.5687,4.372,7.836,0,0.0,3.464,0.0,0.0,0.99966,0.0,-0.0,-0.0,-0.0,0.0
1,drl,11,11,1,0.5687,0.5445,6.884,9.303,0,0.0,2.418,0.0,0.0,0.99965,0.0,-0.0,-0.0,-0.0,0.0
1,drl,12,12,1,0.5445,0.5171,4.041,6.783,0,0.0,2.742,0.0,0.0,0.99964,0.0,-0.0,-0.0,-0.0,0.0
1,drl,13,13,1,0.5171,0.4944,7.011,9.279,0,0.0,2.268,0.0,0.0,0.99963,0.0,-0.0,-0.0,-0.0,0.0
1,drl,14,14,1,0.4944,0.4451,7.029,11.958,0,0.0,4.929,0.0,0.0,0.99961,0.0,-0.0,-0.0,-0.0,0.0
1,drl,15,15,1,0.4451,0.3894,7.2,12.767,0,0.0,5.567,0.0,0.0,0.99959,-0.0053,-0.0,-0.0,-0.0053,0.0
1,drl,16,16,0,0.3894,0.4846,4.12,23.782,1,30.0,-10.338,0.0,0.0,0.99955,-6.1,-0.0,-6.1,-0.0,0.0
1,drl,17,17,3,0.4846,0.2538,3.247,26.316,0,0.0,23.069,0.0,0.0,0.99946,-0.0731,-0.0,-0.0,-0.0731,0.0
1,drl,18,18,2,0.2538,0.269,1.657,23.762,1,23.762,-1.657,0.0,0.0,0.99945,-5.0426,-0.0,-4.9772,-0.0655,0.0
1,drl,19,19,2,0.269,0.2392,0.999,33.98,1,30.0,2.981,0.0,0.0,0.99944,-6.1804,-0.0,-6.1,-0.0804,0.0
1,drl,20,20,2,0.2392,0.2218,0.386,32.13,1,30.0,1.744,0.0,0.0,0.99943,-6.1891,-0.0,-6.1,-0.0891,0.0
1,drl,21,21,2,0.2218,0.2236,0.203,29.738,1,29.738,-0.203,0.0,0.0,0.99943,-6.1411,-0.0,-6.0529,-0.0882,0.0
1,drl,22,22,2,0.2236,0.2244,0.079,29.959,1,29.959,-0.079,0.0,0.0,0.99943,-6.1805,-0.0,-6.0927,-0.0878,0.0
1,drl,23,23,2,0.2244,0.2246,0.028,22.895,1,22.895,-0.028,0.0,0.0,0.99943,-4.9089,-0.0,-4.8212,-0.0877,0.0
2,drl,0,0,3,0.7,0.625,0.001,7.498,0,0.0,7.498,0.0,0.0,0.99997,0.0,-0.0,-0.0,-0.0,0.0
2,drl,1,1,3,0.625,0.5685,0.002,5.656,0,0.0,5.654,0.0,0.0,0.99995,0.0,-0.0,-0.0,-0.0,0.0
2,drl,2,2,3,0.5685,0.4776,0.011,9.098,0,0.0,9.087,0.0,0.0,0.99991,0.0,-0.0,-0.0,-0.0,0.0
2,drl,3,3,1,0.4776,0.3904,0.026,8.743,0,0.0,8.716,0.0,0.0,0.99988,-0.0048,-0.0,-0.0,-0.0048,0.0
2,drl,4,4,1,0.3904,0.3166,0.083,7.468,0,0.0,7.385,0.0,0.0,0.99985,-0.0417,-0.0,-0.0,-0.0417,0.0
2,drl,5,5,0,0.3166,0.4016,0.236,7.702,1,16.702,-9.236,0.0,0.0,0.99981,-3.7064,-0.0,-3.7064,-0.0,0.0
2,drl,6,6,0,0.4016,0.4885,0.45,7.24,1,16.24,-9.45,0.0,0.0,0.99978,-3.6232,-0.0,-3.6232,-0.0,0.0
2,drl,7,7,0,0.4885,0.5809,1.041,7.907,1,16.907,-10.041,0.0,0.0,0.99974,-3.7433,-0.0,-3.7433,-0.0,0.0
2,drl,8,8,1,0.5809,0.5261,1.942,7.425,0,0.0,5.483,0.0,0.0,0.99972,0.0,-0.0,-0.0,-0.0,0.0
2,drl,9,9,0,0.5261,0.6366,3.016,7.172,1,16.172,-12.016,0.0,0.0,0.99967,-3.611,-0.0,-3.611,-0.0,0.0
2,drl,10,10,1,0.6366,0.6029,4.918,8.287,0,0.0,3.369,0.0,0.0,0.99966,0.0,-0.0,-0.0,-0.0,0.0
2,drl,11,11,1,0.6029,0.5764,6.051,8.709,0,0.0,2.658,0.0,0.0,0.99965,0.0,-0.0,-0.0,-0.0,0.0
2,drl,12,12,1,0.5764,0.5382,5.778,9.596,0,0.0,3.817,0.0,0.0,0.99964,0.0,-0.0,-0.0,-0.0,0.0
2,drl,13,13,1,0.5382,0.5316,7.2,7.853,0,0.0,0.653,0.0,0.0,0.99963,0.0,-0.0,-0.0,-0.0,0.0
2,drl,14,14,1,0.5316,0.4866,5.044,9.55,0,0.0,4.505,0.0,0.0,0.99961,0.0,-0.0,-0.0,-0.0,0.0
2,drl,15,15,1,0.4866,0.4019,6.493,14.96,0,0.0,8.467,0.0,0.0,0.99958,0.0,-0.0,-0.0,-0.0,0.0
2,drl,16,16,3,0.4019,0.245,5.073,20.756,0,0.0,15.682,0.0,0.0,0.99952,-0.0775,-0.0,-0.0,-0.0775,0.0
2,drl,17,17,2,0.245,0.2731,3.054,25.207,1,25.207,-3.054,0.0,0.0,0.99951,-5.3008,-0.0,-5.2373,-0.0635,0.0
2,drl,18,18,2,0.2731,0.2635,1.75,32.707,1,30.0,0.957,0.0,0.0,0.9995,-6.1682,-0.0,-6.1,-0.0682,0.0
2,drl,19,19,2,0.2635,0.2532,0.809,31.843,1,30.0,1.034,0.0,0.0,0.9995,-6.1734,-0.0,-6.1,-0.0734,0.0
2,drl,20,20,0,0.2532,0.2,0.49,42.566,1,30.0,12.075,0.0,0.0,0.99948,-6.2,-0.0,-6.1,-0.1,0.0
2,drl,21,21,2,0.2,0.2017,0.182,29.198,1,29.198,-0.182,0.0,0.0,0.99948,-6.0548,-0.0,-5.9556,-0.0992,0.0
2,drl,22,22,2,0.2017,0.2,0.073,33.065,1,30.0,2.992,0.0,0.0,0.99948,-6.2,-0.0,-6.1,-0.1,0.0
2,drl,23,23,2,0.2,0.2002,0.027,28.25,1,28.25,-0.027,0.0,0.0,0.99948,-5.8849,-0.0,-5.785,-0.0999,0.0
3,drl,0,0,3,0.7,0.6445,0.001,5.547,0,0.0,5.546,0.0,0.0,0.99998,0.0,-0.0,-0.0,-0.0,0.0
3,drl,1,1,3,0.6445,0.57,0.003,7.455,0,0.0,7.452,0.0,0.0,0.99995,0.0,-0.0,-0.0,-0.0,0.0
3,drl,2,2,3,0.57,0.4922,0.008,7.793,0,0.0,7.785,0.0,0.0,0.99992,0.0,-0.0,-0.0,-0.0,0.0
3,drl,3,3,1,0.4922,0.4146,0.019,7.777,0,0.0,7.758,0.0,0.0,0.99989,0.0,-0.0,-0.0,-0.0,0.0
3,drl,4,4,1,0.4146,0.3034,0.07,11.19,0,0.0,11.121,0.0,0.0,0.99984,-0.0483,-0.0,-0.0,-0.0483,0.0
3,drl,5,5,0,0.3034,0.3881,0.213,7.662,1,16.662,-9.213,0.0,0.0,0.99981,-3.705,-0.0,-3.6991,-0.0059,0.0
3,drl,6,6,0,0.3881,0.4751,0.453,7.359,1,16.359,-9.453,0.0,0.0,0.99977,-3.6446,-0.0,-3.6446,-0.0,0.0
3,drl,7,7,0,0.4751,0.5655,0.82,7.627,1,16.627,-9.82,0.0,0.0,0.99974,-3.6929,-0.0,-3.6929,-0.0,0.0
3,drl,8,8,1,0.5655,0.5069,1.925,7.78,0,0.0,5.855,0.0,0.0,0.99971,0.0,-0.0,-0.0,-0.0,0.0
3,drl,9,9,0,0.5069,0.6209,3.385,7.84,1,16.84,-12.385,0.0,0.0,0.99967,-3.7312,-0.0,-3.7312,-0.0,0.0
3,drl,10,10,1,0.6209,0.5686,4.383,9.608,0,0.0,5.225,0.0,0.0,0.99965,0.0,-0.0,-0.0,-0.0,0.0
3,drl,11,11,1,0.5686,0.553,6.237,7.797,0,0.0,1.56,0.0,0.0,0.99964,0.0,-0.0,-0.0,-0.0,0.0
3,drl,12,12,1,0.553,0.5259,6.624,9.34,0,0.0,2.716,0.0,0.0,0.99963,0.0,-0.0,-0.0,-0.0,0.0
3,drl,13,13,1,0.5259,0.5033,7.2,9.458,0,0.0,2.258,0.0,0.0,0.99962,0.0,-0.0,-0.0,-0.0,0.0
3,drl,14,14,1,0.5033,0.4383,6.562,13.056,0,0.0,6.494,0.0,0.0,0.99959,0.0,-0.0,-0.0,-0.0,0.0
3,drl,15,15,3,0.4383,0.3461,4.999,14.217,0,0.0,9.218,0.0,0.0,0.99956,-0.027,-0.0,-0.0,-0.027,0.0
3,drl,16,16,0,0.3461,0.4744,4.945,20.43,1,29.43,-13.945,0.0,0.0,0.99951,-5.9974,-0.0,-5.9974,-0.0,0.0
3,drl,17,17,3,0.4744,0.241,3.001,26.336,0,0.0,23.336,0.0,0.0,0.99941,-0.0795,-0.0,-0.0,-0.0795,0.0
3,drl,18,18,0,0.241,0.2188,1.034,33.25,1,30.0,2.216,0.0,0.0,0.9994,-6.1906,-0.0,-6.1,-0.0906,0.0
3,drl,19,19,2,0.2188,0.2265,0.834,26.825,1,26.825,-0.834,0.0,0.0,0.9994,-5.6152,-0.0,-5.5285,-0.0868,0.0
3,drl,20,20,0,0.2265,0.2,0.493,37.942,1,30.0,7.449,0.0,0.0,0.99939,-6.2,-0.0,-6.1,-0.1,0.0
3,drl,21,21,2,0.2,0.2018,0.192,29.208,1,29.208,-0.192,0.0,0.0,0.99939,-6.0566,-0.0,-5.9575,-0.0991,0.0
3,drl,22,22,2,0.2018,0.2025,0.08,29.432,1,29.432,-0.08,0.0,0.0,0.99939,-6.0966,-0.0,-5.9978,-0.0987,0.0
3,drl,23,23,2,0.2025,0.2028,0.034,26.563,1,26.563,-0.034,0.0,0.0,0.99939,-5.5799,-0.0,-5.4813,-0.0986,0.0
4,drl,0,0,3,0.7,0.6217,0.001,7.832,0,0.0,7.832,0.0,0.0,0.99997,0.0,-0.0,-0.0,-0.0,0.0
4,drl,1,1,3,0.6217,0.5354,0.003,8.633,0,0.0,8.63,0.0,0.0,0.99993,0.0,-0.0,-0.0,-0.0,0.0
4,drl,2,2,3,0.5354,0.4555,0.007,7.995,0,0.0,7.988,0.0,0.0,0.9999,0.0,-0.0,-0.0,-0.0,0.0
4,drl,3,3,1,0.4555,0.3743,0.025,8.143,0,0.0,8.117,0.0,0.0,0.99987,-0.0128,-0.0,-0.0,-0.0128,0.0
4,drl,4,4,1,0.3743,0.2926,0.061,8.232,0,0.0,8.171,0.0,0.0,0.99984,-0.0537,-0.0,-0.0,-0.0537,0.0
4,drl,5,5,0,0.2926,0.3774,0.213,9.513,1,18.513,-9.213,0.0,0.0,0.9998,-4.0436,-0.0,-4.0323,-0.0113,0.0
4,drl,6,6,0,0.3774,0.4647,0.496,8.491,1,17.491,-9.496,0.0,0.0,0.99977,-3.8483,-0.0,-3.8483,-0.0,0.0
4,drl,7,7,0,0.4647,0.5545,0.756,10.165,1,19.165,-9.756,0.0,0.0,0.99973,-4.1498,-0.0,-4.1498,-0.0,0.0
4,drl,8,8,0,0.5545,0.6491,1.279,9.068,1,18.068,-10.279,0.0,0.0,0.99969,-3.9522,-0.0,-3.9522,-0.0,0.0
4,drl,9,9,1,0.6491,0.6054,2.814,7.184,0,0.0,4.37,0.0,0.0,0.99968,0.0,-0.0,-0.0,-0.0,0.0
4,drl,10,10,1,0.6054,0.5702,3.937,7.451,0,0.0,3.514,0.0,0.0,0.99966,0.0,-0.0,-0.0,-0.0,0.0
4,drl,11,11,1,0.5702,0.5493,6.094,8.19,0,0.0,2.096,0.0,0.0,0.99965,0.0,-0.0,-0.0,-0.0,0.0
4,drl,12,12,1,0.5493,0.5493,7.2,6.846,0,0.0,0.0,0.0,0.0,0.99965,0.0,-0.0,-0.0,-0.0,0.0
4,drl,13,13,1,0.5493,0.534,7.197,8.728,0,0.0,1.532,0.0,0.0,0.99965,0.0,-0.0,-0.0,-0.0,0.0
4,drl,14,14,1,0.534,0.519,7.2,8.692,0,0.0,1.492,0.0,0.0,0.99964,0.0,-0.0,-0.0,-0.0,0.0
4,drl,15,15,3,0.519,0.4226,5.468,15.104,0,0.0,9.636,0.0,0.0,0.9996,0.0,-0.0,-0.0,-0.0,0.0
4,drl,16,16,0,0.4226,0.5334,3.395,21.358,1,30.0,-12.037,0.0,0.0,0.99956,-6.1,-0.0,-6.1,-0.0,0.0
4,drl,17,17,3,0.5334,0.2905,3.039,27.322,0,0.0,24.282,0.0,0.0,0.99946,-0.0548,-0.0,-0.0,-0.0548,0.0
4,drl,18,18,2,0.2905,0.3094,2.054,26.137,1,26.137,-2.054,0.0,0.0,0.99945,-5.45,-0.0,-5.4047,-0.0453,0.0
4,drl,19,19,2,0.3094,0.2907,0.858,32.723,1,30.0,1.865,0.0,0.0,0.99945,-6.1546,-0.0,-6.1,-0.0546,0.0
4,drl,20,20,0,0.2907,0.2102,0.526,38.574,1,30.0,8.048,0.0,0.0,0.99942,-6.1949,-0.0,-6.1,-0.0949,0.0
4,drl,21,21,2,0.2102,0.2011,0.184,31.097,1,30.0,0.913,0.0,0.0,0.99941,-6.1995,-0.0,-6.1,-0.0995,0.0
4,drl,22,22,2,0.2011,0.2017,0.07,27.543,1,27.543,-0.07,0.0,0.0,0.99941,-5.7569,-0.0,-5.6578,-0.0991,0.0
4,drl,23,23,2,0.2017,0.202,0.027,23.991,1,23.991,-0.027,0.0,0.0,0.99941,-5.1173,-0.0,-5.0183,-0.099,0.0
5,drl,0,0,3,0.7,0.6327,0.001,6.729,0,0.0,6.728,0.0,0.0,0.99997,0.0,-0.0,-0.0,-0.0,0.0
5,drl,1,1,3,0.6327,0.5487,0.002,8.404,0,0.0,8.401,0.0,0.0,0.99994,0.0,-0.0,-0.0,-0.0,0.0
5,drl,2,2,3,0.5487,0.4677,0.01,8.105,0,0.0,8.095,0.0,0.0,0.99991,0.0,-0.0,-0.0,-0.0,0.0
5,drl,3,3,1,0.4677,0.3955,0.026,7.247,0,0.0,7.221,0.0,0.0,0.99988,-0.0022,-0.0,-0.0,-0.0022,0.0
5,drl,4,4,1,0.3955,0.3007,0.089,9.569,0,0.0,9.48,0.0,0.0,0.99984,-0.0496,-0.0,-0.0,-0.0496,0.0
5,drl,5,5,0,0.3007,0.3855,0.214,6.816,1,15.816,-9.214,0.0,0.0,0.99981,-3.5541,-0.0,-3.5469,-0.0073,0.0
5,drl,6,6,0,0.3855,0.472,0.405,9.537,1,18.537,-9.405,0.0,0.0,0.99977,-4.0366,-0.0,-4.0366,-0.0,0.0
5,drl,7,7,0,0.472,0.5641,1.004,6.339,1,15.339,-10.004,0.0,0.0,0.99973,-3.461,-0.0,-3.461,-0.0,0.0
5,drl,8,8,1,0.5641,0.5129,1.773,6.891,0,0.0,5.118,0.0,0.0,0.99971,0.0,-0.0,-0.0,-0.0,0.0
5,drl,9,9,0,0.5129,0.6204,2.681,7.562,1,16.562,-11.681,0.0,0.0,0.99967,-3.6812,-0.0,-3.6812,-0.0,0.0
5,drl,10,10,1,0.6204,0.573,3.9,8.643,0,0.0,4.743,0.0,0.0,0.99965,0.0,-0.0,-0.0,-0.0,0.0
5,drl,11,11,1,0.573,0.5529,5.711,7.713,0,0.0,2.002,0.0,0.0,0.99964,0.0,-0.0,-0.0,-0.0,0.0
5,drl,12,12,1,0.5529,0.5285,7.2,9.645,0,0.0,2.445,0.0,0.0,0.99963,0.0,-0.0,-0.0,-0.0,0.0
5,drl,13,13,1,0.5285,0.488,5.426,9.474,0,0.0,4.048,0.0,0.0,0.99962,0.0,-0.0,-0.0,-0.0,0.0
5,drl,14,14,1,0.488,0.4319,5.809,11.412,0,0.0,5.603,0.0,0.0,0.9996,0.0,-0.0,-0.0,-0.0,0.0
5,drl,15,15,3,0.4319,0.3307,4.65,14.769,0,0.0,10.119,0.0,0.0,0.99956,-0.0347,-0.0,-0.0,-0.0347,0.0
5,drl,16,16,0,0.3307,0.4535,4.342,18.402,1,27.402,-13.342,0.0,0.0,0.99951,-5.6324,-0.0,-5.6324,-0.0,0.0
5,drl,17,17,3,0.4535,0.2462,2.495,23.217,0,0.0,20.723,0.0,0.0,0.99942,-0.0769,-0.0,-0.0,-0.0769,0.0
5,drl,18,18,2,0.2462,0.26,1.501,24.803,1,24.803,-1.501,0.0,0.0,0.99942,-5.2345,-0.0,-5.1645,-0.07,0.0
5,drl,19,19,2,0.26,0.2693,1.007,29.076,1,29.076,-1.007,0.0,0.0,0.99941,-5.999,-0.0,-5.9337,-0.0654,0.0
5,drl,20,20,0,0.2693,0.2,0.556,38.01,1,30.0,7.453,0.0,0.0,0.99939,-6.2,-0.0,-6.1,-0.1,0.0
5,drl,21,21,2,0.2,0.2,0.144,34.636,1,30.0,4.492,0.0,0.0,0.99939,-6.2,-0.0,-6.1,-0.1,0.0
5,drl,22,22,2,0.2,0.2006,0.067,29.737,1,29.737,-0.067,0.0,0.0,0.99939,-6.1524,-0.0,-6.0527,-0.0997,0.0
5,drl,23,23,2,0.2006,0.2009,0.028,18.56,1,18.56,-0.028,0.0,0.0,0.99939,-4.1403,-0.0,-4.0408,-0.0996,0.0
6,drl,0,0,3,0.7,0.603,0.001,9.705,0,0.0,9.705,0.0,0.0,0.99996,0.0,-0.0,-0.0,-0.0,0.0
6,drl,1,1,3,0.603,0.5243,0.001,7.868,0,0.0,7.866,0.0,0.0,0.99993,0.0,-0.0,-0.0,-0.0,0.0
6,drl,2,2,3,0.5243,0.4314,0.01,9.298,0,0.0,9.288,0.0,0.0,0.99989,0.0,-0.0,-0.0,-0.0,0.0
6,drl,3,3,1,0.4314,0.3373,0.031,9.437,0,0.0,9.407,0.0,0.0,0.99985,-0.0313,-0.0,-0.0,-0.0313,0.0
6,drl,4,4,1,0.3373,0.2529,0.083,8.529,0,0.0,8.446,0.0,0.0,0.99982,-0.0736,-0.0,-0.0,-0.0736,0.0
6,drl,5,5,0,0.2529,0.3376,0.211,6.969,1,15.969,-9.211,0.0,0.0,0.99979,-3.6056,-0.0,-3.5745,-0.0312,0.0
6,drl,6,6,0,0.3376,0.4242,0.413,8.365,1,17.365,-9.413,0.0,0.0,0.99975,-3.8257,-0.0,-3.8257,-0.0,0.0
6,drl,7,7,0,0.4242,0.5152,0.89,9.223,1,18.223,-9.89,0.0,0.0,0.99972,-3.9802,-0.0,-3.9802,-0.0,0.0
6,drl,8,8,0,0.5152,0.6178,2.143,9.738,1,18.738,-11.143,0.0,0.0,0.99968,-4.0728,-0.0,-4.0728,-0.0,0.0
6,drl,9,9,1,0.6178,0.5536,2.948,9.366,0,0.0,6.418,0.0,0.0,0.99965,0.0,-0.0,-0.0,-0.0,0.0
6,drl,10,10,1,0.5536,0.5182,3.774,7.31,0,0.0,3.537,0.0,0.0,0.99964,0.0,-0.0,-0.0,-0.0,0.0
6,drl,11,11,1,0.5182,0.4908,5.836,8.58,0,0.0,2.745,0.0,0.0,0.99962,0.0,-0.0,-0.0,-0.0,0.0
6,drl,12,12,1,0.4908,0.473,5.177,6.95,0,0.0,1.772,0.0,0.0,0.99962,0.0,-0.0,-0.0,-0.0,0.0
6,drl,13,13,1,0.473,0.4574,7.2,8.763,0,0.0,1.563,0.0,0.0,0.99961,0.0,-0.0,-0.0,-0.0,0.0
6,drl,14,14,1,0.4574,0.4073,7.2,12.206,0,0.0,5.006,0.0,0.0,0.99959,0.0,-0.0,-0.0,-0.0,0.0
6,drl,15,15,1,0.4073,0.3166,6.031,15.101,0,0.0,9.07,0.0,0.0,0.99955,-0.0417,-0.0,-0.0,-0.0417,0.0
6,drl,16,16,0,0.3166,0.445,4.954,18.749,1,27.749,-13.954,0.0,0.0,0.9995,-5.6949,-0.0,-5.6949,-0.0,0.0
6,drl,17,17,3,0.445,0.2509,3.442,22.838,0,0.0,19.396,0.0,0.0,0.99943,-0.0745,-0.0,-0.0,-0.0745,0.0
6,drl,18,18,2,0.2509,0.2669,1.735,27.201,1,27.201,-1.735,0.0,0.0,0.99942,-5.6627,-0.0,-5.5962,-0.0665,0.0
6,drl,19,19,2,0.2669,0.2407,1.062,33.685,1,30.0,2.624,0.0,0.0,0.99941,-6.1797,-0.0,-6.1,-0.0797,0.0
6,drl,20,20,0,0.2407,0.2,0.412,43.408,1,30.0,12.996,0.0,0.0,0.99939,-6.2,-0.0,-6.1,-0.1,0.0
6,drl,21,21,2,0.2,0.2,0.194,33.073,1,30.0,2.878,0.0,0.0,0.99939,-6.2,-0.0,-6.1,-0.1,0.0
6,drl,22,22,2,0.2,0.2,0.085,35.832,1,30.0,5.747,0.0,0.0,0.99939,-6.2,-0.0,-6.1,-0.1,0.0
6,drl,23,23,2,0.2,0.2003,0.027,26.433,1,26.433,-0.027,0.0,0.0,0.99939,-5.5579,-0.0,-5.458,-0.0999,0.0
7,drl,0,0,3,0.7,0.6171,0.001,8.287,0,0.0,8.286,0.0,0.0,0.99997,0.0,-0.0,-0.0,-0.0,0.0
7,drl,1,1,3,0.6171,0.5457,0.002,7.145,0,0.0,7.143,0.0,0.0,0.99994,0.0,-0.0,-0.0,-0.0,0.0
7,drl,2,2,3,0.5457,0.4753,0.008,7.048,0,0.0,7.04,0.0,0.0,0.99991,0.0,-0.0,-0.0,-0.0,0.0
7,drl,3,3,1,0.4753,0.3827,0.028,9.287,0,0.0,9.259,0.0,0.0,0.99987,-0.0086,-0.0,-0.0,-0.0086,0.0
7,drl,4,4,1,0.3827,0.3094,0.074,7.404,0,0.0,7.33,0.0,0.0,0.99984,-0.0453,-0.0,-0.0,-0.0453,0.0
7,drl,5,5,0,0.3094,0.3942,0.221,8.343,1,17.343,-9.221,0.0,0.0,0.99981,-3.8246,-0.0,-3.8217,-0.0029,0.0
7,drl,6,6,0,0.3942,0.4815,0.481,7.107,1,16.107,-9.481,0.0,0.0,0.99977,-3.5993,-0.0,-3.5993,-0.0,0.0
7,drl,7,7,0,0.4815,0.5732,0.97,8.67,1,17.67,-9.97,0.0,0.0,0.99974,-3.8806,-0.0,-3.8806,-0.0,0.0
7,drl,8,8,1,0.5732,0.5119,1.433,7.569,0,0.0,6.136,0.0,0.0,0.99971,0.0,-0.0,-0.0,-0.0,0.0
7,drl,9,9,0,0.5119,0.6141,2.116,6.79,1,15.79,-11.116,0.0,0.0,0.99967,-3.5421,-0.0,-3.5421,-0.0,0.0
7,drl,10,10,1,0.6141,0.567,3.161,7.876,0,0.0,4.715,0.0,0.0,0.99965,0.0,-0.0,-0.0,-0.0,0.0
7,drl,11,11,1,0.567,0.528,4.669,8.57,0,0.0,3.901,0.0,0.0,0.99964,0.0,-0.0,-0.0,-0.0,0.0
7,drl,12,12,1,0.528,0.5119,6.971,8.575,0,0.0,1.603,0.0,0.0,0.99963,0.0,-0.0,-0.0,-0.0,0.0
7,drl,13,13,1,0.5119,0.4653,4.482,9.143,0,0.0,4.661,0.0,0.0,0.99961,0.0,-0.0,-0.0,-0.0,0.0
7,drl,14,14,1,0.4653,0.4148,6.761,11.813,0,0.0,5.051,0.0,0.0,0.99959,0.0,-0.0,-0.0,-0.0,0.0
7,drl,15,15,3,0.4148,0.3203,4.442,13.888,0,0.0,9.446,0.0,0.0,0.99956,-0.0399,-0.0,-0.0,-0.0399,0.0
7,drl,16,16,0,0.3203,0.4374,3.726,17.246,1,26.246,-12.726,0.0,0.0,0.99951,-5.4243,-0.0,-5.4243,-0.0,0.0
7,drl,17,17,3,0.4374,0.2515,3.431,22.014,0,0.0,18.583,0.0,0.0,0.99943,-0.0743,-0.0,-0.0,-0.0743,0.0
7,drl,18,18,2,0.2515,0.2417,1.787,32.763,1,30.0,0.977,0.0,0.0,0.99943,-6.1791,-0.0,-6.1,-0.0791,0.0
7,drl,19,19,2,0.2417,0.2197,0.889,33.091,1,30.0,2.202,0.0,0.0,0.99942,-6.1902,-0.0,-6.1,-0.0902,0.0
7,drl,20,20,2,0.2197,0.2,0.481,35.268,1,30.0,4.787,0.0,0.0,0.99941,-6.2,-0.0,-6.1,-0.1,0.0
7,drl,21,21,2,0.2,0.2,0.168,33.847,1,30.0,3.679,0.0,0.0,0.99941,-6.2,-0.0,-6.1,-0.1,0.0
7,drl,22,22,2,0.2,0.2009,0.096,24.121,1,24.121,-0.096,0.0,0.0,0.99941,-5.1413,-0.0,-5.0417,-0.0996,0.0
7,drl,23,23,2,0.2009,0.2012,0.031,24.725,1,24.725,-0.031,0.0,0.0,0.99941,-5.25,-0.0,-5.1506,-0.0994,0.0
8,drl,0,0,3,0.7,0.6328,0.0,6.717,0,0.0,6.716,0.0,0.0,0.99997,0.0,-0.0,-0.0,-0.0,0.0
8,drl,1,1,3,0.6328,0.5562,0.002,7.662,0,0.0,7.661,0.0,0.0,0.99994,0.0,-0.0,-0.0,-0.0,0.0
8,drl,2,2,3,0.5562,0.4781,0.006,7.819,0,0.0,7.813,0.0,0.0,0.99991,0.0,-0.0,-0.0,-0.0,0.0
8,drl,3,3,1,0.4781,0.3897,0.024,8.858,0,0.0,8.834,0.0,0.0,0.99988,-0.0051,-0.0,-0.0,-0.0051,0.0
8,drl,4,4,1,0.3897,0.2973,0.091,9.337,0,0.0,9.245,0.0,0.0,0.99984,-0.0514,-0.0,-0.0,-0.0514,0.0
8,drl,5,5,0,0.2973,0.3822,0.229,7.949,1,16.949,-9.229,0.0,0.0,0.9998,-3.7598,-0.0,-3.7509,-0.0089,0.0
8,drl,6,6,0,0.3822,0.4699,0.534,9.446,1,18.446,-9.534,0.0,0.0,0.99977,-4.0203,-0.0,-4.0203,-0.0,0.0
8,drl,7,7,0,0.4699,0.5608,0.879,8.588,1,17.588,-9.879,0.0,0.0,0.99973,-3.8659,-0.0,-3.8659,-0.0,0.0
8,drl,8,8,0,0.5608,0.6601,1.784,9.393,1,18.393,-10.784,0.0,0.0,0.99969,-4.0107,-0.0,-4.0107,-0.0,0.0
8,drl,9,9,1,0.6601,0.6085,2.588,7.742,0,0.0,5.153,0.0,0.0,0.99967,0.0,-0.0,-0.0,-0.0,0.0
8,drl,10,10,1,0.6085,0.571,4.604,8.355,0,0.0,3.751,0.0,0.0,0.99966,0.0,-0.0,-0.0,-0.0,0.0
8,drl,11,11,1,0.571,0.5279,4.348,8.659,0,0.0,4.311,0.0,0.0,0.99964,0.0,-0.0,-0.0,-0.0,0.0
8,drl,12,12,1,0.5279,0.5096,6.69,8.519,0,0.0,1.829,0.0,0.0,0.99963,0.0,-0.0,-0.0,-0.0,0.0
8,drl,13,13,1,0.5096,0.4796,7.032,10.032,0,0.0,2.999,0.0,0.0,0.99962,0.0,-0.0,-0.0,-0.0,0.0
8,drl,14,14,1,0.4796,0.3909,4.955,13.825,0,0.0,8.87,0.0,0.0,0.99959,-0.0046,-0.0,-0.0,-0.0046,0.0
8,drl,15,15,1,0.3909,0.3333,5.02,10.77,0,0.0,5.75,0.0,0.0,0.99956,-0.0333,-0.0,-0.0,-0.0333,0.0
8,drl,16,16,0,0.3333,0.4426,4.313,22.441,1,30.0,-11.873,0.0,0.0,0.99952,-6.1,-0.0,-6.1,-0.0,0.0
8,drl,17,17,3,0.4426,0.2,2.73,28.914,0,0.0,24.249,1.935,0.0,0.99942,-3.9702,-3.8702,-0.0,-0.1,0.0
8,drl,18,18,2,0.2,0.2204,2.215,26.553,1,26.553,-2.215,0.0,0.0,0.99941,-5.5694,-0.0,-5.4796,-0.0898,0.0
8,drl,19,19,2,0.2204,0.226,0.614,28.569,1,28.569,-0.614,0.0,0.0,0.99941,-5.9295,-0.0,-5.8425,-0.087,0.0
8,drl,20,20,2,0.226,0.2159,0.558,31.57,1,30.0,1.012,0.0,0.0,0.99941,-6.192,-0.0,-6.1,-0.092,0.0
8,drl,21,21,2,0.2159,0.2174,0.159,28.157,1,28.157,-0.159,0.0,0.0,0.99941,-5.8595,-0.0,-5.7682,-0.0913,0.0
8,drl,22,22,2,0.2174,0.2181,0.08,29.527,1,29.527,-0.08,0.0,0.0,0.99941,-6.1058,-0.0,-6.0149,-0.0909,0.0
8,drl,23,23,2,0.2181,0.2184,0.031,27.269,1,27.269,-0.031,0.0,0.0,0.99941,-5.6993,-0.0,-5.6085,-0.0908,0.0
9,drl,0,0,3,0.7,0.6177,0.001,8.233,0,0.0,8.233,0.0,0.0,0.99997,0.0,-0.0,-0.0,-0.0,0.0
9,drl,1,1,3,0.6177,0.5314,0.002,8.63,0,0.0,8.628,0.0,0.0,0.99993,0.0,-0.0,-0.0,-0.0,0.0
9,drl,2,2,3,0.5314,0.4558,0.01,7.565,0,0.0,7.555,0.0,0.0,0.9999,0.0,-0.0,-0.0,-0.0,0.0
9,drl,3,3,1,0.4558,0.3737,0.03,8.241,0,0.0,8.211,0.0,0.0,0.99987,-0.0131,-0.0,-0.0,-0.0131,0.0
9,drl,4,4,1,0.3737,0.3027,0.075,7.172,0,0.0,7.097,0.0,0.0,0.99984,-0.0486,-0.0,-0.0,-0.0486,0.0
9,drl,5,5,0,0.3027,0.3869,0.143,9.354,1,18.354,-9.143,0.0,0.0,0.99981,-4.0103,-0.0,-4.0037,-0.0066,0.0
9,drl,6,6,0,0.3869,0.474,0.47,10.422,1,19.422,-9.47,0.0,0.0,0.99977,-4.196,-0.0,-4.196,-0.0,0.0
9,drl,7,7,0,0.474,0.5669,1.095,8.269,1,17.269,-10.095,0.0,0.0,0.99974,-3.8084,-0.0,-3.8084,-0.0,0.0
9,drl,8,8,0,0.5669,0.6646,1.618,9.347,1,18.347,-10.618,0.0,0.0,0.9997,-4.0025,-0.0,-4.0025,-0.0,0.0
9,drl,9,9,1,0.6646,0.5965,2.735,9.546,0,0.0,6.811,0.0,0.0,0.99967,0.0,-0.0,-0.0,-0.0,0.0
9,drl,10,10,1,0.5965,0.5547,4.106,8.285,0,0.0,4.179,0.0,0.0,0.99965,0.0,-0.0,-0.0,-0.0,0.0
9,drl,11,11,1,0.5547,0.4928,4.449,10.634,0,0.0,6.185,0.0,0.0,0.99963,0.0,-0.0,-0.0,-0.0,0.0
9,drl,12,12,1,0.4928,0.4763,6.715,8.366,0,0.0,1.651,0.0,0.0,0.99962,0.0,-0.0,-0.0,-0.0,0.0
9,drl,13,13,1,0.4763,0.461,7.2,8.729,0,0.0,1.529,0.0,0.0,0.99961,0.0,-0.0,-0.0,-0.0,0.0
9,drl,14,14,1,0.461,0.4328,7.2,10.016,0,0.0,2.816,0.0,0.0,0.9996,0.0,-0.0,-0.0,-0.0,0.0
9,drl,15,15,1,0.4328,0.3663,6.237,12.887,0,0.0,6.65,0.0,0.0,0.99958,-0.0169,-0.0,-0.0,-0.0169,0.0
9,drl,16,16,0,0.3663,0.4782,3.164,17.739,1,26.739,-12.164,0.0,0.0,0.99953,-5.513,-0.0,-5.513,-0.0,0.0
9,drl,17,17,3,0.4782,0.2413,2.31,25.995,0,0.0,23.685,0.0,0.0,0.99944,-0.0794,-0.0,-0.0,-0.0794,0.0
9,drl,18,18,2,0.2413,0.2447,1.801,31.431,1,30.0,-0.37,0.0,0.0,0.99944,-6.1776,-0.0,-6.1,-0.0776,0.0
9,drl,19,19,2,0.2447,0.2334,0.988,32.117,1,30.0,1.129,0.0,0.0,0.99943,-6.1833,-0.0,-6.1,-0.0833,0.0
9,drl,20,20,0,0.2334,0.2,0.475,39.42,1,30.0,8.945,0.0,0.0,0.99942,-6.2,-0.0,-6.1,-0.1,0.0
9,drl,21,21,2,0.2,0.2,0.2,30.474,1,30.0,0.274,0.0,0.0,0.99942,-6.2,-0.0,-6.1,-0.1,0.0
9,drl,22,22,2,0.2,0.2006,0.068,28.832,1,28.832,-0.068,0.0,0.0,0.99942,-5.9894,-0.0,-5.8897,-0.0997,0.0
9,drl,23,23,2,0.2006,0.2009,0.025,29.877,1,29.877,-0.025,0.0,0.0,0.99942,-6.1775,-0.0,-6.0779,-0.0996,0.0
10,drl,0,0,3,0.7,0.627,0.001,7.304,0,0.0,7.303,0.0,0.0,0.99997,0.0,-0.0,-0.0,-0.0,0.0
10,drl,1,1,3,0.627,0.5444,0.002,8.256,0,0.0,8.254,0.0,0.0,0.99994,0.0,-0.0,-0.0,-0.0,0.0
10,drl,2,2,3,0.5444,0.4633,0.008,8.121,0,0.0,8.113,0.0,0.0,0.99991,0.0,-0.0,-0.0,-0.0,0.0
10,drl,3,3,1,0.4633,0.3754,0.031,8.824,0,0.0,8.792,0.0,0.0,0.99987,-0.0123,-0.0,-0.0,-0.0123,0.0
10,drl,4,4,1,0.3754,0.3005,0.086,7.567,0,0.0,7.482,0.0,0.0,0.99984,-0.0497,-0.0,-0.0,-0.0497,0.0
10,drl,5,5,0,0.3005,0.385,0.182,7.218,1,16.218,-9.182,0.0,0.0,0.99981,-3.6267,-0.0,-3.6192,-0.0075,0.0
10,drl,6,6,0,0.385,0.472,0.449,7.951,1,16.951,-9.449,0.0,0.0,0.99977,-3.7512,-0.0,-3.7512,-0.0,0.0
10,drl,7,7,0,0.472,0.5624,0.832,6.913,1,15.913,-9.832,0.0,0.0,0.99974,-3.5643,-0.0,-3.5643,-0.0,0.0
10,drl,8,8,1,0.5624,0.5189,1.878,6.229,0,0.0,4.352,0.0,0.0,0.99972,0.0,-0.0,-0.0,-0.0,0.0
10,drl,9,9,0,0.5189,0.6283,2.881,8.443,1,17.443,-11.881,0.0,0.0,0.99967,-3.8397,-0.0,-3.8397,-0.0,0.0
10,drl,10,10,1,0.6283,0.5952,3.722,7.022,0,0.0,3.3,0.0,0.0,0.99966,0.0,-0.0,-0.0,-0.0,0.0
10,drl,11,11,1,0.5952,0.5568,5.108,8.945,0,0.0,3.838,0.0,0.0,0.99965,0.0,-0.0,-0.0,-0.0,0.0
10,drl,12,12,1,0.5568,0.5556,6.678,6.803,0,0.0,0.125,0.0,0.0,0.99965,0.0,-0.0,-0.0,-0.0,0.0
10,drl,13,13,1,0.5556,0.5134,6.743,10.964,0,0.0,4.221,0.0,0.0,0.99963,0.0,-0.0,-0.0,-0.0,0.0
10,drl,14,14,1,0.5134,0.46,7.2,12.535,0,0.0,5.335,0.0,0.0,0.99961,0.0,-0.0,-0.0,-0.0,0.0
10,drl,15,15,1,0.46,0.4009,5.559,11.471,0,0.0,5.911,0.0,0.0,0.99958,0.0,-0.0,-0.0,-0.0,0.0
10,drl,16,16,3,0.4009,0.2586,4.478,18.697,0,0.0,14.219,0.0,0.0,0.99953,-0.0707,-0.0,-0.0,-0.0707,0.0
10,drl,17,17,2,0.2586,0.2862,2.994,28.888,1,28.888,-2.994,0.0,0.0,0.99952,-5.9567,-0.0,-5.8998,-0.0569,0.0
10,drl,18,18,2,0.2862,0.2976,1.845,30.602,1,30.0,-1.243,0.0,0.0,0.99951,-6.1512,-0.0,-6.1,-0.0512,0.0
10,drl,19,19,2,0.2976,0.2832,1.063,32.508,1,30.0,1.445,0.0,0.0,0.99951,-6.1584,-0.0,-6.1,-0.0584,0.0
10,drl,20,20,2,0.2832,0.2684,0.426,31.903,1,30.0,1.477,0.0,0.0,0.9995,-6.1658,-0.0,-6.1,-0.0658,0.0
10,drl,21,21,2,0.2684,0.2149,0.229,35.572,1,30.0,5.342,0.0,0.0,0.99948,-6.1925,-0.0,-6.1,-0.0925,0.0
10,drl,22,22,2,0.2149,0.2,0.074,33.717,1,30.0,3.643,0.0,0.0,0.99947,-6.2,-0.0,-6.1,-0.1,0.0
10,drl,23,23,2,0.2,0.2003,0.029,20.456,1,20.456,-0.029,0.0,0.0,0.99947,-4.4819,-0.0,-4.3821,-0.0999,0.0
11,drl,0,0,3,0.7,0.607,0.001,9.305,0,0.0,9.305,0.0,0.0,0.99996,0.0,-0.0,-0.0,-0.0,0.0
11,drl,1,1,3,0.607,0.5319,0.003,7.51,0,0.0,7.507,0.0,0.0,0.99993,0.0,-0.0,-0.0,-0.0,0.0
11,drl,2,2,3,0.5319,0.457,0.008,7.494,0,0.0,7.485,0.0,0.0,0.9999,0.0,-0.0,-0.0,-0.0,0.0
11,drl,3,3,1,0.457,0.3779,0.03,7.946,0,0.0,7.916,0.0,0.0,0.99987,-0.0111,-0.0,-0.0,-0.0111,0.0
11,drl,4,4,1,0.3779,0.3165,0.089,6.227,0,0.0,6.138,0.0,0.0,0.99985,-0.0418,-0.0,-0.0,-0.0418,0.0
11,drl,5,5,0,0.3165,0.4016,0.254,7.908,1,16.908,-9.254,0.0,0.0,0.99981,-3.7434,-0.0,-3.7434,-0.0,0.0
11,drl,6,6,0,0.4016,0.4892,0.522,7.869,1,16.869,-9.522,0.0,0.0,0.99978,-3.7365,-0.0,-3.7365,-0.0,0.0
11,drl,7,7,0,0.4892,0.5805,0.919,8.447,1,17.447,-9.919,0.0,0.0,0.99974,-3.8405,-0.0,-3.8405,-0.0,0.0
11,drl,8,8,1,0.5805,0.5225,2.017,7.814,0,0.0,5.797,0.0,0.0,0.99972,0.0,-0.0,-0.0,-0.0,0.0
11,drl,9,9,0,0.5225,0.632,2.892,8.693,1,17.693,-11.892,0.0,0.0,0.99967,-3.8848,-0.0,-3.8848,-0.0,0.0
11,drl,10,10,1,0.632,0.6036,3.797,6.632,0,0.0,2.835,0.0,0.0,0.99966,0.0,-0.0,-0.0,-0.0,0.0
11,drl,11,11,1,0.6036,0.5883,6.107,7.632,0,0.0,1.525,0.0,0.0,0.99966,0.0,-0.0,-0.0,-0.0,0.0
11,drl,12,12,1,0.5883,0.5577,4.849,7.914,0,0.0,3.065,0.0,0.0,0.99964,0.0,-0.0,-0.0,-0.0,0.0
11,drl,13,13,1,0.5577,0.5409,6.695,8.375,0,0.0,1.68,0.0,0.0,0.99964,0.0,-0.0,-0.0,-0.0,0.0
11,drl,14,14,1,0.5409,0.4767,5.286,11.705,0,0.0,6.419,0.0,0.0,0.99961,0.0,-0.0,-0.0,-0.0,0.0
11,drl,15,15,1,0.4767,0.3988,6.541,14.32,0,0.0,7.779,0.0,0.0,0.99958,-0.0006,-0.0,-0.0,-0.0006,0.0
11,drl,16,16,3,0.3988,0.2377,3.88,19.982,0,0.0,16.103,0.0,0.0,0.99952,-0.0811,-0.0,-0.0,-0.0811,0.0
11,drl,17,17,2,0.2377,0.2679,3.278,23.499,1,23.499,-3.278,0.0,0.0,0.9995,-4.9958,-0.0,-4.9298,-0.066,0.0
11,drl,18,18,2,0.2679,0.2541,1.942,33.327,1,30.0,1.385,0.0,0.0,0.9995,-6.173,-0.0,-6.1,-0.073,0.0
11,drl,19,19,2,0.2541,0.2603,0.944,30.267,1,30.0,-0.678,0.0,0.0,0.9995,-6.1698,-0.0,-6.1,-0.0698,0.0
11,drl,20,20,2,0.2603,0.2049,0.498,36.04,1,30.0,5.542,0.0,0.0,0.99947,-6.1976,-0.0,-6.1,-0.0976,0.0
11,drl,21,21,2,0.2049,0.2071,0.24,28.371,1,28.371,-0.24,0.0,0.0,0.99947,-5.9032,-0.0,-5.8067,-0.0965,0.0
11,drl,22,22,2,0.2071,0.2077,0.072,26.641,1,26.641,-0.072,0.0,0.0,0.99947,-5.5915,-0.0,-5.4953,-0.0961,0.0
11,drl,23,23,2,0.2077,0.2079,0.021,24.746,1,24.746,-0.021,0.0,0.0,0.99947,-5.2504,-0.0,-5.1543,-0.096,0.0
12,drl,0,0,3,0.7,0.61,0.001,9.004,0,0.0,9.004,0.0,0.0,0.99996,0.0,-0.0,-0.0,-0.0,0.0
12,drl,1,1,3,0.61,0.523,0.003,8.695,0,0.0,8.692,0.0,0.0,0.99993,0.0,-0.0,-0.0,-0.0,0.0
12,drl,2,2,1,0.523,0.4547,0.011,6.843,0,0.0,6.832,0.0,0.0,0.9999,0.0,-0.0,-0.0,-0.0,0.0
12,drl,3,3,1,0.4547,0.3876,0.025,6.732,0,0.0,6.707,0.0,0.0,0.99988,-0.0062,-0.0,-0.0,-0.0062,0.0
12,drl,4,4,1,0.3876,0.2988,0.079,8.959,0,0.0,8.88,0.0,0.0,0.99984,-0.0506,-0.0,-0.0,-0.0506,0.0
12,drl,5,5,0,0.2988,0.3835,0.205,8.476,1,17.476,-9.205,0.0,0.0,0.99981,-3.8539,-0.0,-3.8457,-0.0082,0.0
12,drl,6,6,0,0.3835,0.4694,0.338,8.142,1,17.142,-9.338,0.0,0.0,0.99977,-3.7855,-0.0,-3.7855,-0.0,0.0
12,drl,7,7,0,0.4694,0.56,0.842,9.707,1,18.707,-9.842,0.0,0.0,0.99974,-4.0673,-0.0,-4.0673,-0.0,0.0
12,drl,8,8,0,0.56,0.6616,2.034,8.921,1,17.921,-11.034,0.0,0.0,0.99969,-3.9259,-0.0,-3.9259,-0.0,0.0
12,drl,9,9,1,0.6616,0.6046,2.934,8.623,0,0.0,5.689,0.0,0.0,0.99967,0.0,-0.0,-0.0,-0.0,0.0
12,drl,10,10,1,0.6046,0.5749,4.798,7.769,0,0.0,2.971,0.0,0.0,0.99966,0.0,-0.0,-0.0,-0.0,0.0
12,drl,11,11,1,0.5749,0.5464,5.335,8.186,0,0.0,2.85,0.0,0.0,0.99965,0.0,-0.0,-0.0,-0.0,0.0
12,drl,12,12,1,0.5464,0.5269,6.192,8.146,0,0.0,1.953,0.0,0.0,0.99964,0.0,-0.0,-0.0,-0.0,0.0
12,drl,13,13,1,0.5269,0.5066,6.894,8.92,0,0.0,2.026,0.0,0.0,0.99963,0.0,-0.0,-0.0,-0.0,0.0
12,drl,14,14,1,0.5066,0.4844,7.2,9.422,0,0.0,2.222,0.0,0.0,0.99962,0.0,-0.0,-0.0,-0.0,0.0
12,drl,15,15,1,0.4844,0.4129,6.478,13.627,0,0.0,7.149,0.0,0.0,0.99959,0.0,-0.0,-0.0,-0.0,0.0
12,drl,16,16,3,0.4129,0.2929,4.009,16.004,0,0.0,11.994,0.0,0.0,0.99955,-0.0536,-0.0,-0.0,-0.0536,0.0
12,drl,17,17,2,0.2929,0.3195,2.896,23.652,1,23.652,-2.896,0.0,0.0,0.99954,-4.9976,-0.0,-4.9573,-0.0402,0.0
12,drl,18,18,2,0.3195,0.3365,1.847,27.723,1,27.723,-1.847,0.0,0.0,0.99953,-5.7218,-0.0,-5.6901,-0.0317,0.0
12,drl,19,19,0,0.3365,0.2377,0.988,40.865,1,30.0,9.877,0.0,0.0,0.99949,-6.1812,-0.0,-6.1,-0.0812,0.0
12,drl,20,20,2,0.2377,0.2168,0.502,32.591,1,30.0,2.088,0.0,0.0,0.99948,-6.1916,-0.0,-6.1,-0.0916,0.0
12,drl,21,21,2,0.2168,0.2,0.235,33.022,1,30.0,2.787,0.0,0.0,0.99947,-6.2,-0.0,-6.1,-0.1,0.0
12,drl,22,22,2,0.2,0.2,0.087,31.798,1,30.0,1.711,0.0,0.0,0.99947,-6.2,-0.0,-6.1,-0.1,0.0
12,drl,23,23,2,0.2,0.2002,0.026,18.73,1,18.73,-0.026,0.0,0.0,0.99947,-4.1713,-0.0,-4.0714,-0.0999,0.0
13,drl,0,0,3,0.7,0.6496,0.001,5.045,0,0.0,5.044,0.0,0.0,0.99998,0.0,-0.0,-0.0,-0.0,0.0
13,drl,1,1,3,0.6496,0.5689,0.003,8.067,0,0.0,8.064,0.0,0.0,0.99995,0.0,-0.0,-0.0,-0.0,0.0
13,drl,2,2,3,0.5689,0.4853,0.01,8.37,0,0.0,8.36,0.0,0.0,0.99991,0.0,-0.0,-0.0,-0.0,0.0
13,drl,3,3,1,0.4853,0.4054,0.035,8.03,0,0.0,7.995,0.0,0.0,0.99988,0.0,-0.0,-0.0,-0.0,0.0
13,drl,4,4,1,0.4054,0.3205,0.074,8.557,0,0.0,8.483,0.0,0.0,0.99985,-0.0397,-0.0,-0.0,-0.0397,0.0
13,drl,5,5,0,0.3205,0.4053,0.219,7.658,1,16.658,-9.219,0.0,0.0,0.99981,-3.6984,-0.0,-3.6984,-0.0,0.0
13,drl,6,6,0,0.4053,0.4923,0.456,8.691,1,17.691,-9.456,0.0,0.0,0.99978,-3.8844,-0.0,-3.8844,-0.0,0.0
13,drl,7,7,0,0.4923,0.5851,1.077,7.528,1,16.528,-10.077,0.0,0.0,0.99974,-3.675,-0.0,-3.675,-0.0,0.0
13,drl,8,8,1,0.5851,0.5393,1.696,6.273,0,0.0,4.576,0.0,0.0,0.99972,0.0,-0.0,-0.0,-0.0,0.0
13,drl,9,9,1,0.5393,0.4982,3.706,7.816,0,0.0,4.111,0.0,0.0,0.99971,0.0,-0.0,-0.0,-0.0,0.0
13,drl,10,10,1,0.4982,0.4655,5.243,8.51,0,0.0,3.267,0.0,0.0,0.99969,0.0,-0.0,-0.0,-0.0,0.0
13,drl,11,11,1,0.4655,0.4392,7.2,9.831,0,0.0,2.631,0.0,0.0,0.99968,0.0,-0.0,-0.0,-0.0,0.0
13,drl,12,12,1,0.4392,0.4072,7.136,10.33,0,0.0,3.194,0.0,0.0,0.99967,0.0,-0.0,-0.0,-0.0,0.0
13,drl,13,13,1,0.4072,0.3565,6.174,11.251,0,0.0,5.077,0.0,0.0,0.99965,-0.0218,-0.0,-0.0,-0.0218,0.0
13,drl,14,14,1,0.3565,0.2881,5.298,12.134,0,0.0,6.836,0.0,0.0,0.99962,-0.056,-0.0,-0.0,-0.056,0.0
13,drl,15,15,1,0.2881,0.2036,6.686,15.128,0,0.0,8.442,0.0,0.0,0.99959,-0.0982,-0.0,-0.0,-0.0982,0.0
13,drl,16,16,0,0.2036,0.3244,4.127,17.254,1,26.254,-13.127,0.0,0.0,0.99954,-5.4634,-0.0,-5.4257,-0.0378,0.0
13,drl,17,17,2,0.3244,0.3503,2.808,27.451,1,27.451,-2.808,0.0,0.0,0.99953,-5.666,-0.0,-5.6412,-0.0249,0.0
13,drl,18,18,2,0.3503,0.369,2.035,28.688,1,28.688,-2.035,0.0,0.0,0.99952,-5.8794,-0.0,-5.8639,-0.0155,0.0
13,drl,19,19,2,0.369,0.3144,0.792,36.254,1,30.0,5.461,0.0,0.0,0.9995,-6.1428,-0.0,-6.1,-0.0428,0.0
13,drl,20,20,2,0.3144,0.2904,0.37,32.77,1,30.0,2.4,0.0,0.0,0.99949,-6.1548,-0.0,-6.1,-0.0548,0.0
13,drl,21,21,2,0.2904,0.2268,0.183,36.532,1,30.0,6.349,0.0,0.0,0.99947,-6.1866,-0.0,-6.1,-0.0866,0.0
13,drl,22,22,2,0.2268,0.215,0.083,31.262,1,30.0,1.179,0.0,0.0,0.99946,-6.1925,-0.0,-6.1,-0.0925,0.0
13,drl,23,23,2,0.215,0.2153,0.029,22.393,1,22.393,-0.029,0.0,0.0,0.99946,-4.8231,-0.0,-4.7308,-0.0923,0.0
14,drl,0,0,3,0.7,0.6294,0.001,7.06,0,0.0,7.059,0.0,0.0,0.99997,0.0,-0.0,-0.0,-0.0,0.0
14,drl,1,1,3,0.6294,0.5775,0.002,5.192,0,0.0,5.19,0.0,0.0,0.99995,0.0,-0.0,-0.0,-0.0,0.0
14,drl,2,2,3,0.5775,0.4856,0.008,9.198,0,0.0,9.189,0.0,0.0,0.99991,0.0,-0.0,-0.0,-0.0,0.0
14,drl,3,3,1,0.4856,0.401,0.028,8.491,0,0.0,8.463,0.0,0.0,0.99988,0.0,-0.0,-0.0,-0.0,0.0
14,drl,4,4,1,0.401,0.3303,0.092,7.153,0,0.0,7.061,0.0,0.0,0.99985,-0.0348,-0.0,-0.0,-0.0348,0.0
14,drl,5,5,0,0.3303,0.4158,0.287,7.158,1,16.158,-9.287,0.0,0.0,0.99982,-3.6085,-0.0,-3.6085,-0.0,0.0
14,drl,6,6,0,0.4158,0.5032,0.5,10.631,1,19.631,-9.5,0.0,0.0,0.99978,-4.2335,-0.0,-4.2335,-0.0,0.0
14,drl,7,7,0,0.5032,0.5949,0.958,8.112,1,17.112,-9.958,0.0,0.0,0.99975,-3.7802,-0.0,-3.7802,-0.0,0.0
14,drl,8,8,1,0.5949,0.5281,1.657,8.331,0,0.0,6.673,0.0,0.0,0.99972,0.0,-0.0,-0.0,-0.0,0.0
14,drl,9,9,0,0.5281,0.6295,2.016,7.409,1,16.409,-11.016,0.0,0.0,0.99968,-3.6536,-0.0,-3.6536,-0.0,0.0
14,drl,10,10,1,0.6295,0.6011,5.477,8.31,0,0.0,2.833,0.0,0.0,0.99967,0.0,-0.0,-0.0,-0.0,0.0
14,drl,11,11,1,0.6011,0.57,5.557,8.671,0,0.0,3.114,0.0,0.0,0.99966,0.0,-0.0,-0.0,-0.0,0.0
14,drl,12,12,1,0.57,0.5527,7.2,8.931,0,0.0,1.731,0.0,0.0,0.99965,0.0,-0.0,-0.0,-0.0,0.0
14,drl,13,13,1,0.5527,0.5464,7.2,7.828,0,0.0,0.628,0.0,0.0,0.99965,0.0,-0.0,-0.0,-0.0,0.0
14,drl,14,14,1,0.5464,0.5112,7.2,10.712,0,0.0,3.512,0.0,0.0,0.99963,0.0,-0.0,-0.0,-0.0,0.0
14,drl,15,15,1,0.5112,0.4287,6.445,14.695,0,0.0,8.25,0.0,0.0,0.9996,0.0,-0.0,-0.0,-0.0,0.0
14,drl,16,16,3,0.4287,0.2764,3.713,18.935,0,0.0,15.222,0.0,0.0,0.99954,-0.0618,-0.0,-0.0,-0.0618,0.0
14,drl,17,17,2,0.2764,0.2996,2.513,27.339,1,27.339,-2.513,0.0,0.0,0.99953,-5.6712,-0.0,-5.621,-0.0502,0.0
14,drl,18,18,2,0.2996,0.2909,1.788,32.652,1,30.0,0.864,0.0,0.0,0.99953,-6.1545,-0.0,-6.1,-0.0545,0.0
14,drl,19,19,0,0.2909,0.2,0.811,40.059,1,30.0,9.247,0.0,0.0,0.99949,-6.2,-0.0,-6.1,-0.1,0.0
14,drl,20,20,0,0.2,0.2,0.452,40.734,1,30.0,10.282,0.0,0.0,0.99949,-6.2,-0.0,-6.1,-0.1,0.0
14,drl,21,21,2,0.2,0.2021,0.232,29.11,1,29.11,-0.232,0.0,0.0,0.99949,-6.0387,-0.0,-5.9397,-0.0989,0.0
14,drl,22,22,2,0.2021,0.2029,0.084,27.692,1,27.692,-0.084,0.0,0.0,0.99949,-5.7831,-0.0,-5.6845,-0.0985,0.0
14,drl,23,23,2,0.2029,0.2032,0.03,28.567,1,28.567,-0.03,0.0,0.0,0.99949,-5.9404,-0.0,-5.842,-0.0984,0.0
15,drl,0,0,3,0.7,0.629,0.0,7.101,0,0.0,7.1,0.0,0.0,0.99997,0.0,-0.0,-0.0,-0.0,0.0
15,drl,1,1,3,0.629,0.5541,0.003,7.497,0,0.0,7.494,0.0,0.0,0.99994,0.0,-0.0,-0.0,-0.0,0.0
15,drl,2,2,3,0.5541,0.4664,0.009,8.775,0,0.0,8.766,0.0,0.0,0.99991,0.0,-0.0,-0.0,-0.0,0.0
15,drl,3,3,1,0.4664,0.3768,0.022,8.976,0,0.0,8.955,0.0,0.0,0.99987,-0.0116,-0.0,-0.0,-0.0116,0.0
15,drl,4,4,1,0.3768,0.2774,0.073,10.01,0,0.0,9.938,0.0,0.0,0.99983,-0.0613,-0.0,-0.0,-0.0613,0.0
15,drl,5,5,0,0.2774,0.3624,0.228,7.483,1,16.483,-9.228,0.0,0.0,0.9998,-3.6857,-0.0,-3.6669,-0.0188,0.0
15,drl,6,6,0,0.3624,0.4497,0.488,8.207,1,17.207,-9.488,0.0,0.0,0.99976,-3.7972,-0.0,-3.7972,-0.0,0.0
15,drl,7,7,0,0.4497,0.5419,1.023,9.34,1,18.34,-10.023,0.0,0.0,0.99973,-4.0012,-0.0,-4.0012,-0.0,0.0
15,drl,8,8,0,0.5419,0.6426,1.939,9.605,1,18.605,-10.939,0.0,0.0,0.99968,-4.0489,-0.0,-4.0489,-0.0,0.0
15,drl,9,9,1,0.6426,0.5963,3.242,7.861,0,0.0,4.62,0.0,0.0,0.99967,0.0,-0.0,-0.0,-0.0,0.0
15,drl,10,10,1,0.5963,0.5642,3.368,6.587,0,0.0,3.218,0.0,0.0,0.99965,0.0,-0.0,-0.0,-0.0,0.0
15,drl,11,11,1,0.5642,0.5337,5.942,8.988,0,0.0,3.046,0.0,0.0,0.99964,0.0,-0.0,-0.0,-0.0,0.0
15,drl,12,12,1,0.5337,0.5244,7.2,8.126,0,0.0,0.926,0.0,0.0,0.99964,0.0,-0.0,-0.0,-0.0,0.0
15,drl,13,13,1,0.5244,0.5082,7.2,8.821,0,0.0,1.621,0.0,0.0,0.99963,0.0,-0.0,-0.0,-0.0,0.0
15,drl,14,14,1,0.5082,0.4873,6.379,8.466,0,0.0,2.087,0.0,0.0,0.99962,0.0,-0.0,-0.0,-0.0,0.0
15,drl,15,15,1,0.4873,0.4168,6.404,13.455,0,0.0,7.051,0.0,0.0,0.99959,0.0,-0.0,-0.0,-0.0,0.0
15,drl,16,16,3,0.4168,0.2587,4.319,20.122,0,0.0,15.802,0.0,0.0,0.99953,-0.0706,-0.0,-0.0,-0.0706,0.0
15,drl,17,17,2,0.2587,0.2873,3.111,20.532,1,20.532,-3.111,0.0,0.0,0.99952,-4.4521,-0.0,-4.3958,-0.0563,0.0
15,drl,18,18,2,0.2873,0.2863,2.204,32.312,1,30.0,0.108,0.0,0.0,0.99952,-6.1569,-0.0,-6.1,-0.0569,0.0
15,drl,19,19,2,0.2863,0.2878,1.048,30.886,1,30.0,-0.161,0.0,0.0,0.99952,-6.1561,-0.0,-6.1,-0.0561,0.0
15,drl,20,20,2,0.2878,0.2911,0.359,28.153,1,28.153,-0.359,0.0,0.0,0.99952,-5.8221,-0.0,-5.7676,-0.0545,0.0
15,drl,21,21,2,0.2911,0.2512,0.199,34.188,1,30.0,3.988,0.0,0.0,0.9995,-6.1744,-0.0,-6.1,-0.0744,0.0
15,drl,22,22,2,0.2512,0.2,0.072,36.122,1,30.0,6.051,0.0,0.0,0.99948,-6.2,-0.0,-6.1,-0.1,0.0
15,drl,23,23,2,0.2,0.2003,0.029,27.297,1,27.297,-0.029,0.0,0.0,0.99948,-5.7134,-0.0,-5.6135,-0.0999,0.0
16,drl,0,0,3,0.7,0.6139,0.001,8.606,0,0.0,8.605,0.0,0.0,0.99997,0.0,-0.0,-0.0,-0.0,0.0
16,drl,1,1,3,0.6139,0.5241,0.003,8.99,0,0.0,8.987,0.0,0.0,0.99993,0.0,-0.0,-0.0,-0.0,0.0
16,drl,2,2,1,0.5241,0.4479,0.011,7.63,0,0.0,7.619,0.0,0.0,0.9999,0.0,-0.0,-0.0,-0.0,0.0
16,drl,3,3,1,0.4479,0.3717,0.03,7.648,0,0.0,7.618,0.0,0.0,0.99987,-0.0142,-0.0,-0.0,-0.0142,0.0
16,drl,4,4,1,0.3717,0.2991,0.063,7.324,0,0.0,7.261,0.0,0.0,0.99984,-0.0505,-0.0,-0.0,-0.0505,0.0
16,drl,5,5,0,0.2991,0.3838,0.21,7.122,1,16.122,-9.21,0.0,0.0,0.99981,-3.61,-0.0,-3.6019,-0.0081,0.0
16,drl,6,6,0,0.3838,0.4709,0.46,9.076,1,18.076,-9.46,0.0,0.0,0.99977,-3.9537,-0.0,-3.9537,-0.0,0.0
16,drl,7,7,0,0.4709,0.5634,1.058,8.552,1,17.552,-10.058,0.0,0.0,0.99973,-3.8593,-0.0,-3.8593,-0.0,0.0
16,drl,8,8,1,0.5634,0.5039,1.888,7.841,0,0.0,5.952,0.0,0.0,0.99971,0.0,-0.0,-0.0,-0.0,0.0
16,drl,9,9,0,0.5039,0.6063,2.131,8.988,1,17.988,-11.131,0.0,0.0,0.99967,-3.9379,-0.0,-3.9379,-0.0,0.0
16,drl,10,10,1,0.6063,0.5569,3.38,8.315,0,0.0,4.934,0.0,0.0,0.99965,0.0,-0.0,-0.0,-0.0,0.0
16,drl,11,11,1,0.5569,0.5293,5.672,8.437,0,0.0,2.765,0.0,0.0,0.99964,0.0,-0.0,-0.0,-0.0,0.0
16,drl,12,12,1,0.5293,0.5158,7.069,8.42,0,0.0,1.351,0.0,0.0,0.99963,0.0,-0.0,-0.0,-0.0,0.0
16,drl,13,13,1,0.5158,0.5051,7.2,8.267,0,0.0,1.067,0.0,0.0,0.99963,0.0,-0.0,-0.0,-0.0,0.0
16,drl,14,14,1,0.5051,0.4842,7.2,9.288,0,0.0,2.088,0.0,0.0,0.99962,0.0,-0.0,-0.0,-0.0,0.0
16,drl,15,15,1,0.4842,0.4138,6.791,13.833,0,0.0,7.041,0.0,0.0,0.99959,0.0,-0.0,-0.0,-0.0,0.0
16,drl,16,16,0,0.4138,0.5247,4.612,22.557,1,30.0,-12.056,0.0,0.0,0.99955,-6.1,-0.0,-6.1,-0.0,0.0
16,drl,17,17,3,0.5247,0.3101,2.0,23.456,0,0.0,21.456,0.0,0.0,0.99946,-0.045,-0.0,-0.0,-0.045,0.0
16,drl,18,18,2,0.3101,0.3014,1.95,32.816,1,30.0,0.867,0.0,0.0,0.99946,-6.1493,-0.0,-6.1,-0.0493,0.0
16,drl,19,19,2,0.3014,0.2533,1.173,35.981,1,30.0,4.808,0.0,0.0,0.99944,-6.1734,-0.0,-6.1,-0.0734,0.0
16,drl,20,20,2,0.2533,0.2039,0.51,35.447,1,30.0,4.937,0.0,0.0,0.99942,-6.1981,-0.0,-6.1,-0.0981,0.0
16,drl,21,21,2,0.2039,0.2,0.214,33.827,1,30.0,3.613,0.0,0.0,0.99942,-6.2,-0.0,-6.1,-0.1,0.0
16,drl,22,22,2,0.2,0.2,0.092,30.186,1,30.0,0.094,0.0,0.0,0.99942,-6.2,-0.0,-6.1,-0.1,0.0
16,drl,23,23,2,0.2,0.2003,0.031,29.104,1,29.104,-0.031,0.0,0.0,0.99942,-6.0385,-0.0,-5.9387,-0.0999,0.0
17,drl,0,0,3,0.7,0.6168,0.001,8.325,0,0.0,8.324,0.0,0.0,0.99997,0.0,-0.0,-0.0,-0.0,0.0
17,drl,1,1,3,0.6168,0.5489,0.002,6.79,0,0.0,6.788,0.0,0.0,0.99994,0.0,-0.0,-0.0,-0.0,0.0
17,drl,2,2,3,0.5489,0.4688,0.006,8.018,0,0.0,8.012,0.0,0.0,0.99991,0.0,-0.0,-0.0,-0.0,0.0
17,drl,3,3,1,0.4688,0.3974,0.024,7.163,0,0.0,7.138,0.0,0.0,0.99988,-0.0013,-0.0,-0.0,-0.0013,0.0
17,drl,4,4,1,0.3974,0.3186,0.077,7.95,0,0.0,7.873,0.0,0.0,0.99985,-0.0407,-0.0,-0.0,-0.0407,0.0
17,drl,5,5,0,0.3186,0.4027,0.135,8.888,1,17.888,-9.135,0.0,0.0,0.99981,-3.9199,-0.0,-3.9199,-0.0,0.0
17,drl,6,6,0,0.4027,0.4885,0.329,9.786,1,18.786,-9.329,0.0,0.0,0.99978,-4.0815,-0.0,-4.0815,-0.0,0.0
17,drl,7,7,0,0.4885,0.5811,1.061,7.549,1,16.549,-10.061,0.0,0.0,0.99974,-3.6788,-0.0,-3.6788,-0.0,0.0
17,drl,8,8,1,0.5811,0.5224,2.157,8.029,0,0.0,5.872,0.0,0.0,0.99972,0.0,-0.0,-0.0,-0.0,0.0
17,drl,9,9,0,0.5224,0.6353,3.267,8.136,1,17.136,-12.267,0.0,0.0,0.99967,-3.7845,-0.0,-3.7845,-0.0,0.0
17,drl,10,10,1,0.6353,0.5947,5.085,9.137,0,0.0,4.051,0.0,0.0,0.99966,0.0,-0.0,-0.0,-0.0,0.0
17,drl,11,11,1,0.5947,0.5676,4.981,7.69,0,0.0,2.709,0.0,0.0,0.99965,0.0,-0.0,-0.0,-0.0,0.0
17,drl,12,12,1,0.5676,0.5537,7.162,8.55,0,0.0,1.389,0.0,0.0,0.99964,0.0,-0.0,-0.0,-0.0,0.0
17,drl,13,13,1,0.5537,0.4795,4.732,12.151,0,0.0,7.419,0.0,0.0,0.99961,0.0,-0.0,-0.0,-0.0,0.0
17,drl,14,14,1,0.4795,0.438,4.589,8.743,0,0.0,4.154,0.0,0.0,0.99959,0.0,-0.0,-0.0,-0.0,0.0
17,drl,15,15,3,0.438,0.3272,4.662,15.731,0,0.0,11.069,0.0,0.0,0.99955,-0.0364,-0.0,-0.0,-0.0364,0.0
17,drl,16,16,3,0.3272,0.2,5.544,18.56,0,0.0,12.717,0.3,0.0,0.9995,-0.6996,-0.5996,-0.0,-0.1,0.0
17,drl,17,17,2,0.2,0.2256,2.786,24.885,1,24.885,-2.786,0.0,0.0,0.99949,-5.2665,-0.0,-5.1793,-0.0872,0.0
17,drl,18,18,2,0.2256,0.2413,1.697,29.913,1,29.913,-1.697,0.0,0.0,0.99948,-6.1636,-0.0,-6.0843,-0.0794,0.0
17,drl,19,19,0,0.2413,0.2,0.808,35.305,1,30.0,4.497,0.0,0.0,0.99947,-6.2,-0.0,-6.1,-0.1,0.0
17,drl,20,20,2,0.2,0.2046,0.501,24.771,1,24.771,-0.501,0.0,0.0,0.99946,-5.2565,-0.0,-5.1588,-0.0977,0.0
17,drl,21,21,2,0.2046,0.2,0.202,34.197,1,30.0,3.994,0.0,0.0,0.99946,-6.2,-0.0,-6.1,-0.1,0.0
17,drl,22,22,2,0.2,0.2008,0.087,26.719,1,26.719,-0.087,0.0,0.0,0.99946,-5.6091,-0.0,-5.5095,-0.0996,0.0
17,drl,23,23,2,0.2008,0.201,0.022,21.595,1,21.595,-0.022,0.0,0.0,0.99946,-4.6866,-0.0,-4.5872,-0.0995,0.0
18,drl,0,0,3,0.7,0.6309,0.001,6.915,0,0.0,6.915,0.0,0.0,0.99997,0.0,-0.0,-0.0,-0.0,0.0
18,drl,1,1,3,0.6309,0.5615,0.003,6.936,0,0.0,6.934,0.0,0.0,0.99994,0.0,-0.0,-0.0,-0.0,0.0
18,drl,2,2,3,0.5615,0.4728,0.011,8.887,0,0.0,8.876,0.0,0.0,0.99991,0.0,-0.0,-0.0,-0.0,0.0
18,drl,3,3,1,0.4728,0.3875,0.026,8.548,0,0.0,8.521,0.0,0.0,0.99988,-0.0062,-0.0,-0.0,-0.0062,0.0
18,drl,4,4,1,0.3875,0.2813,0.099,10.721,0,0.0,10.621,0.0,0.0,0.99983,-0.0593,-0.0,-0.0,-0.0593,0.0
18,drl,5,5,0,0.2813,0.3657,0.177,9.023,1,18.023,-9.177,0.0,0.0,0.9998,-3.9612,-0.0,-3.9441,-0.0171,0.0
18,drl,6,6,0,0.3657,0.4533,0.51,7.732,1,16.732,-9.51,0.0,0.0,0.99976,-3.7118,-0.0,-3.7118,-0.0,0.0
18,drl,7,7,0,0.4533,0.5465,1.134,8.489,1,17.489,-10.134,0.0,0.0,0.99973,-3.848,-0.0,-3.848,-0.0,0.0
18,drl,8,8,1,0.5465,0.4923,2.085,7.504,0,0.0,5.418,0.0,0.0,0.9997,0.0,-0.0,-0.0,-0.0,0.0
18,drl,9,9,0,0.4923,0.6024,2.959,8.413,1,17.413,-11.959,0.0,0.0,0.99966,-3.8344,-0.0,-3.8344,-0.0,0.0
18,drl,10,10,1,0.6024,0.5649,4.38,8.12,0,0.0,3.741,0.0,0.0,0.99965,0.0,-0.0,-0.0,-0.0,0.0
18,drl,11,11,1,0.5649,0.5317,5.101,8.426,0,0.0,3.325,0.0,0.0,0.99963,0.0,-0.0,-0.0,-0.0,0.0
18,drl,12,12,1,0.5317,0.5146,7.003,8.707,0,0.0,1.704,0.0,0.0,0.99963,0.0,-0.0,-0.0,-0.0,0.0
18,drl,13,13,1,0.5146,0.4806,7.184,10.592,0,0.0,3.408,0.0,0.0,0.99961,0.0,-0.0,-0.0,-0.0,0.0
18,drl,14,14,1,0.4806,0.4156,6.138,12.628,0,0.0,6.49,0.0,0.0,0.99959,0.0,-0.0,-0.0,-0.0,0.0
18,drl,15,15,1,0.4156,0.3236,5.633,14.832,0,0.0,9.199,0.0,0.0,0.99955,-0.0382,-0.0,-0.0,-0.0382,0.0
18,drl,16,16,0,0.3236,0.444,4.242,21.161,1,30.0,-13.081,0.0,0.0,0.9995,-6.1,-0.0,-6.1,-0.0,0.0
18,drl,17,17,3,0.444,0.2329,3.298,24.394,0,0.0,21.097,0.0,0.0,0.99942,-0.0835,-0.0,-0.0,-0.0835,0.0
18,drl,18,18,0,0.2329,0.2,1.677,36.218,1,30.0,4.541,0.0,0.0,0.9994,-6.2,-0.0,-6.1,-0.1,0.0
18,drl,19,19,2,0.2,0.2097,1.053,28.927,1,28.927,-1.053,0.0,0.0,0.9994,-6.002,-0.0,-5.9068,-0.0952,0.0
18,drl,20,20,2,0.2097,0.2,0.473,34.528,1,30.0,4.055,0.0,0.0,0.9994,-6.2,-0.0,-6.1,-0.1,0.0
18,drl,21,21,2,0.2,0.2,0.228,32.629,1,30.0,2.401,0.0,0.0,0.9994,-6.2,-0.0,-6.1,-0.1,0.0
18,drl,22,22,2,0.2,0.2,0.071,34.376,1,30.0,4.305,0.0,0.0,0.9994,-6.2,-0.0,-6.1,-0.1,0.0
18,drl,23,23,2,0.2,0.2002,0.02,20.24,1,20.24,-0.02,0.0,0.0,0.9994,-4.4431,-0.0,-4.3432,-0.0999,0.0
19,drl,0,0,3,0.7,0.6105,0.001,8.954,0,0.0,8.954,0.0,0.0,0.99996,0.0,-0.0,-0.0,-0.0,0.0
19,drl,1,1,3,0.6105,0.5364,0.003,7.407,0,0.0,7.404,0.0,0.0,0.99993,0.0,-0.0,-0.0,-0.0,0.0
19,drl,2,2,3,0.5364,0.4704,0.01,6.608,0,0.0,6.598,0.0,0.0,0.99991,0.0,-0.0,-0.0,-0.0,0.0
19,drl,3,3,1,0.4704,0.3961,0.03,7.461,0,0.0,7.43,0.0,0.0,0.99988,-0.0019,-0.0,-0.0,-0.0019,0.0
19,drl,4,4,1,0.3961,0.3128,0.088,8.422,0,0.0,8.334,0.0,0.0,0.99985,-0.0436,-0.0,-0.0,-0.0436,0.0
19,drl,5,5,0,0.3128,0.3973,0.182,8.507,1,17.507,-9.182,0.0,0.0,0.99981,-3.8527,-0.0,-3.8513,-0.0014,0.0
19,drl,6,6,0,0.3973,0.4847,0.498,7.38,1,16.38,-9.498,0.0,0.0,0.99978,-3.6484,-0.0,-3.6484,-0.0,0.0
19,drl,7,7,0,0.4847,0.5791,1.267,8.772,1,17.772,-10.267,0.0,0.0,0.99974,-3.899,-0.0,-3.899,-0.0,0.0
19,drl,8,8,1,0.5791,0.5233,1.477,7.06,0,0.0,5.583,0.0,0.0,0.99972,0.0,-0.0,-0.0,-0.0,0.0
19,drl,9,9,0,0.5233,0.6346,3.101,8.333,1,17.333,-12.101,0.0,0.0,0.99967,-3.82,-0.0,-3.82,-0.0,0.0
19,drl,10,10,1,0.6346,0.5807,3.891,9.287,0,0.0,5.396,0.0,0.0,0.99965,0.0,-0.0,-0.0,-0.0,0.0
19,drl,11,11,1,0.5807,0.5647,5.849,7.441,0,0.0,1.592,0.0,0.0,0.99964,0.0,-0.0,-0.0,-0.0,0.0
19,drl,12,12,1,0.5647,0.5432,6.428,8.583,0,0.0,2.155,0.0,0.0,0.99964,0.0,-0.0,-0.0,-0.0,0.0
19,drl,13,13,1,0.5432,0.5104,5.522,8.799,0,0.0,3.276,0.0,0.0,0.99962,0.0,-0.0,-0.0,-0.0,0.0
19,drl,14,14,1,0.5104,0.4476,4.962,11.244,0,0.0,6.282,0.0,0.0,0.9996,0.0,-0.0,-0.0,-0.0,0.0
19,drl,15,15,1,0.4476,0.3859,6.295,12.459,0,0.0,6.164,0.0,0.0,0.99957,-0.007,-0.0,-0.0,-0.007,0.0
19,drl,16,16,3,0.3859,0.2677,4.578,16.389,0,0.0,11.811,0.0,0.0,0.99952,-0.0661,-0.0,-0.0,-0.0661,0.0
19,drl,17,17,2,0.2677,0.2943,2.887,22.866,1,22.866,-2.887,0.0,0.0,0.99951,-4.8688,-0.0,-4.816,-0.0528,0.0
19,drl,18,18,2,0.2943,0.3078,1.469,27.668,1,27.668,-1.469,0.0,0.0,0.99951,-5.7264,-0.0,-5.6803,-0.0461,0.0
19,drl,19,19,2,0.3078,0.2686,0.795,34.722,1,30.0,3.927,0.0,0.0,0.99949,-6.1657,-0.0,-6.1,-0.0657,0.0
19,drl,20,20,0,0.2686,0.2,0.477,40.04,1,30.0,9.563,0.0,0.0,0.99947,-6.2,-0.0,-6.1,-0.1,0.0
19,drl,21,21,0,0.2,0.2,0.161,37.939,1,30.0,7.779,0.0,0.0,0.99947,-6.2,-0.0,-6.1,-0.1,0.0
19,drl,22,22,2,0.2,0.2,0.079,31.061,1,30.0,0.982,0.0,0.0,0.99947,-6.2,-0.0,-6.1,-0.1,0.0
19,drl,23,23,2,0.2,0.2002,0.027,28.901,1,28.901,-0.027,0.0,0.0,0.99947,-6.0021,-0.0,-5.9023,-0.0999,0.0
